01,10,02,20,03,30,04,40,05,50,06,60,12,21,13,31,14,41,15,51,16,61,23,32,24,42,25,52,26,62,34,43,35,53,36,63,45,54,46,64,56,65
0.11255230804839145,0.02046419802495536,0.11836998243730923,0.06690747775186767,0.1227304169153064,0.006465244657279823,0.11177747649135128,0.0312683487508405,0.13480099567878967,0.013201550990618593,0.16156456006106434,0.1404784177179602,0.018383345999867795,0.06518484982042094,0.024752418907076135,0.024255860625711056,-0.03650297473079456,0.045099377877115376,0.004190333944408264,0.01799660879161158,-0.023908749088396686,0.13852006252215532,0.042610098675954666,0.005822370324410242,0.05471103532899957,0.03221593643879195,0.022902543798067998,0.005237536106651786,0.07734432924965728,0.10002470367944771,0.004676611908415729,0.025414948269880777,-0.007051318812875795,0.00115918196401954,-0.0010413062928678052,0.09386372895986339,0.04841421477714547,-0.018592223516479045,0.04528604115388635,0.13452990492269867,0.01103011366023643,0.07642570482909883
0.08515028134840608,0.0036362135475707102,0.1113726580997445,0.06945150214583096,0.12124446491041307,-0.004339433886851873,0.09105372034601966,0.0382151256638511,0.13729311734806415,0.019590889773851705,0.15186856566871432,0.15225914742141022,-0.0032007602626416,0.07484972333072659,0.029406076347336496,0.013077880722739632,-0.000195913016014293,0.022520273827825066,-0.015868857665378933,0.011183637596416829,0.037005741883386456,0.10349623181743561,0.06256946493764737,0.0024283646460036,0.059261659931422406,0.029533969626591605,0.061358348198905954,0.008730104353616874,0.08395142740559247,0.10742860159327461,0.016511317395289216,0.01459501313477407,-0.01941299747885683,-0.010586406540595616,-0.02232135766445187,0.15122413133657897,0.025738625023880135,0.012524889442747322,0.07013858543447349,0.13153650347134072,-0.002714550628688306,0.11573100875007092
0.10603580452749506,0.017234522444943057,0.09596020809338723,0.0731065568141206,0.13408095549198873,0.0012591936760090183,0.03060783399524425,0.022466993745976382,0.12631487546529463,0.0037362068473763,0.11819445104974202,0.1529184874370676,0.01682945895718213,0.053012787776846704,0.013649885343382517,0.002506825464359874,0.006668653251614698,0.030343183193735523,-0.0032901012768853377,0.02235129378399392,-0.035764828768637624,0.12990220407102948,0.08025668637462713,-0.05364014607640066,-0.09002251848362564,-0.0436907006858287,0.05247242042128197,0.017034618906740073,0.04722883268511302,0.06522963578599794,0.0010969028726312002,0.03022354443112818,0.006466445428829015,0.0013785409769749846,0.006943043405033489,0.13264920429243054,0.010366996346596768,-0.0013382697875163885,0.041396942134575565,0.13989658990845977,-0.006024186261531117,0.12443474907248597
0.13091219767594675,0.008870898766833335,0.1311102631387978,0.07112289639378655,0.14294235814767553,-7.818192518826983e-05,0.15514343491570426,0.053342487829626695,0.11399616876790519,0.008159910968904005,0.14675665387675474,0.13364239844083647,0.019560111888974663,0.002386467210265253,0.017687062670106668,0.010059118383152987,-0.013631128181555763,0.03936169474938045,-0.025280354685505824,0.009623913960170483,0.012753426201002394,0.13456609251974416,0.02839679071518464,0.030819696193638668,0.05149545452763993,0.0417456274432908,0.04503552284580359,0.005900594619697164,0.021966917455645052,0.05068649621411314,0.014844234143514545,0.030729792528211952,0.021278917299225708,0.019341601882022497,-0.014121470886760301,0.14821400351363867,-0.010019614839814395,0.012530117477126956,0.03085001106288332,0.10743142965051244,-0.006281517976328699,0.14594232618435254
0.12544202498453183,0.0015786682686217413,0.11677835619354571,0.06768115741800051,0.13830247875480395,0.003606012104439116,0.11978954641899153,0.037735155291820366,0.14234667600932382,0.005570225581341459,0.08783833814062081,0.060917199677787304,-0.07444621331549262,0.05455627037546251,-0.033466361879256334,-0.000949115705616288,0.02769192391604125,0.016981300362661544,0.010288036662473243,0.004209686005852142,0.009317871726361449,0.12881612685668586,0.05934779522256595,0.024866434624370215,0.07814798638556752,0.04123187937107742,0.019524160931330026,0.00886779103052071,0.07893287882069278,0.10084067914537453,0.02718024194042301,0.033030823072127014,-0.02907331052790063,-0.015991608489552167,0.011694275965799639,0.12927659272900727,0.028967344242658788,0.016978764281511127,0.022209501786403574,0.0629868873367273,0.020320604559721178,0.11931520623600689
0.12842421818074534,-0.018819157554627708,0.09105086498761994,0.07599097420446843,0.1251392181397828,-0.026938253303606885,0.1710669827671617,0.0367073787503962,0.15494261561341605,0.0020386923998226836,0.11312287330592607,0.06404231573029484,0.03083332143343942,0.06710613935912346,0.021890916050581577,0.00819897474302067,0.005915318759927901,-0.0032820012514582775,-0.014217649447316294,0.009306715786993935,0.02447082463896111,0.04447956979865242,0.06875829928807997,0.00922097288456003,0.039071864953176605,0.0527297212372575,0.0054929558418885804,-0.015114892581918005,0.06406043285551599,0.10244528741583958,-0.019370463693282103,0.023223338349815936,0.010460730524156414,0.018512921226164214,-0.02120594034210188,0.1252130378485381,0.031664671389436405,0.003991496408835005,0.04351285734595289,0.1256805840531966,0.010775734853077146,0.0741924441121361
0.08827938646556399,0.024447190874451685,0.10662204121888963,0.03542284034467691,0.13594884488598746,0.0013879879115139548,0.14160524446434397,0.025746715145587573,0.1268023669940177,0.020101450209105365,0.16389690558846626,0.13341494233470708,0.023241928697637304,0.08298557462073375,0.007039698722857479,-0.0017755848841369826,-0.011882614141353498,0.016506280479415048,-0.01666927416127728,0.01012487022312425,0.007421430437457799,0.1387965239506581,0.043225872856721526,-0.01742200935898941,0.07413094914273954,0.03313537672757283,0.06950189169089971,0.005615997724440214,0.09410028714368701,0.12941478629144032,-0.01543669092520572,0.02858614647451707,-0.034639401744512854,0.022478457115382988,-0.028375176007673808,0.14605349431565862,0.01236376463609623,0.01865290730779079,0.04580671672272574,0.13601595923245124,0.019634029142913123,0.10828282413658641
0.1508813815479254,-0.04612556114485944,0.12311394099046968,0.06581117044081308,0.12831730790647722,-0.012844976547190523,0.0969040401962653,0.023811719508686102,0.1506566324177563,0.0004834960829563917,0.15738017226225065,0.1071780156944685,0.015921276289244002,0.05917256768839119,-0.008743585797850617,-0.012719730630470272,-0.03298433194986927,0.024318147645525756,-0.014717872337763893,0.0025159356134716315,0.004113367403476564,0.14208107450705076,0.06905815986984587,-0.006912433837800602,0.015680882277520403,0.012395194355710126,0.04569228042943396,0.002471881194808012,0.10987599249517621,0.08056499378553128,0.017515098330347145,0.015608175546492742,-0.025854781086029455,0.008674330319837553,-0.005546716050665923,0.11269216116735536,0.030328488675032683,0.01564437780196437,0.018701935233887856,0.07851805460115191,-0.0072385508986276825,0.08753785011750836
0.1406516218331274,-0.029627495396226777,0.12268861871273185,0.06863798610866223,0.12468043181256194,-0.022039126724673785,0.12732690785382883,0.03619532531449454,0.13493158243962078,0.01775945447840188,0.14028688158795177,0.12283559777683561,-0.08493448896064493,0.06586039368150687,0.011858746503891182,0.00416855419210993,0.01114908192028996,0.01985699927557405,0.02652308213900134,0.014964196383669193,0.013977303141492148,0.06458544041837033,0.07852387733850219,-0.0020943674711446647,0.03251301977254328,0.020227440981978484,0.022859473427647825,0.007437866906734758,0.10068984399947256,0.14216414171060432,0.02059545749710301,0.01874571553225224,0.02626849172969581,0.017459592091445764,0.020082061165476617,0.09487091176296336,0.022598945029246753,0.021413360342411814,0.043509350088012266,0.14076161760436612,0.002141107667390285,0.15984480007715685
0.09340300510999444,-0.009249458865873361,0.1320441939181154,0.07151247503714098,0.15649248312556918,0.014308170021997801,0.1346350099137863,0.04157022415440981,0.0742669556143748,0.0011588842411968114,0.15418239136396272,0.14301316109249285,0.014879188700308466,0.06933452020299014,0.012959538157378492,0.016228279566569026,0.021626292151421866,0.024343704693119417,0.013961517885370256,0.021213952976615436,0.022357848911692457,0.11206283241763415,0.057967312125495774,0.03314265835682628,0.0712146433265568,0.03480044378358238,0.0912428480212959,-0.00281045277252856,0.10400126709917112,0.10912787978129912,0.002887862166855548,0.021830068726768403,-0.026698984214367893,0.01094590509526816,-0.004355701333078388,0.10771192062396906,0.034431394441658436,0.005981937513282132,0.05256416885416215,0.12954720573965495,0.013518204241675269,0.08295542556249869
0.12487644637913464,-0.05544221491880008,0.13355339362798824,0.06085862507070128,0.13188353328471036,-0.02600866841725935,0.05757823226104353,0.0308425297637257,0.09652110845260009,0.007122493245987238,0.1514392392274636,0.1355984286892653,0.012785552374329323,0.031771937822651974,0.00671621888716134,0.004467122795162148,0.028584735558736307,-0.004065530580583454,0.015357126263387144,0.004576960927615392,0.015065958257880263,0.14112892297455348,0.0718384035598979,-0.00898846209428239,0.07378066605485001,0.0348184251526209,0.061934689994035175,0.005117067566159039,0.08353861752899994,0.12910286837100338,-0.037029208934059143,0.026822632762912524,0.0024177194575381034,0.01763045011196862,-0.006718328786212258,0.07019392879729636,0.008376409234542193,0.02431820104219784,0.012151279245171565,0.08926858195451448,0.01469446905518279,0.06525824460914054
0.13432186329010753,-0.008952653061738536,0.11058572200266137,0.03083826151087965,0.11902997165657259,0.013723377451400398,0.13863982715825252,0.03327649906103414,0.1376235364809998,0.010929912875440428,0.08103094629568319,0.0931110933301299,0.008805795773277114,0.06906298684650625,0.005259978354761996,0.010959034668235668,-0.0008083167812122927,0.026433667554307427,-0.0033904489838678664,0.00569489336269835,-0.014283668739705435,0.1424749152454583,0.052271691081845595,0.005822305307301545,0.0579988359877085,0.036032260595123766,0.05922902382989159,-0.0005242468674488965,0.06949949815809497,0.10281351659149285,0.00864105343864563,0.03712715215080409,0.018315115441351115,0.023925674680078668,0.014678600061884928,0.12203466043508415,0.034741592503792273,0.010287955062091902,0.0497229740308488,0.13723709923933824,0.004221858227309694,0.1274246115608686
0.15299957417800036,0.0035339149216743193,0.11859011945284159,0.08761261808985998,0.13342916605853028,-0.053242864327334605,0.1130166182835649,0.040122319449900634,0.13149458019826,0.013273532554281875,0.10816286237263306,0.08222875062077162,-0.04975106079932057,0.0493302163515168,0.005603233339565694,0.013368486422219772,0.007906086717121674,0.023033410294689083,0.010347703157186472,-0.0006333953092858557,-0.0014498593340628307,0.0644846591362449,0.032281855904525925,-0.00020674739751269655,0.07716757703225163,0.043178125374791265,0.04733671308747256,0.01957303791450349,0.10483758593904646,0.12451804277413969,0.021378730722770745,-0.02696988377552545,-0.07301870451644565,-0.014560539306064157,-0.003298603597120753,0.10090584289601501,0.012335639546838806,0.011174047633531803,0.02944377744843829,0.04381076744490331,0.02274403863182195,0.055069554713839675
0.06690840976977797,-0.10094866421783188,0.11859116088479849,0.01613904877595662,0.15784185851023314,-0.0317741902517692,0.1044487065357258,0.034174737425579194,0.08290307924621576,0.011077408452976223,0.13244115365262366,0.05988895437459929,0.01241890579948468,0.06315254238130885,-0.010461836131366642,-0.014141916962338907,-0.010048553179612618,0.03376487989296739,0.016002009512994575,0.017557933687593064,0.010019958767864767,0.07720626714666756,0.04114493518022433,-0.0108367799438982,0.06959511438191557,0.036823584963532885,0.045734540190134565,0.01347371047433521,0.06860084953090784,0.06425526567348028,0.024248177763025458,0.037770016174340726,0.02134748233635897,0.021175018128136158,0.0022599333414898837,0.1236732627094217,0.028821300848497544,0.004530108549219425,0.03755571750969189,0.10856138800454451,0.008308174767494236,0.09608698265176163
0.12075908800862623,-0.004704463338360609,0.12144375041654065,0.05326829785765674,0.12870203593974994,0.004515271414826549,0.12006794006620736,0.03334370814749299,0.09606405404640683,0.01685397090669638,0.1346826194630063,0.12953993642916484,0.001274361750787767,0.0834364150512038,0.004867269722579892,0.019541258400032402,0.005423964631168565,0.009521593747100154,0.025553965370568754,0.004078845723087587,-0.028028590805744935,0.12065024017081594,0.0406169326111846,0.023720936741939758,0.04356148559574757,0.025174344148238603,0.04587909502213139,0.00946529831159082,0.03747911422779737,0.03185280114455313,0.021240656622336207,0.021989008816954314,0.00554703992347827,0.008850436153511665,-0.007760980046020549,0.14791583594915347,0.03010670506074231,0.01583304491709303,0.06008189177698553,0.14212800604476417,-0.013767865036075522,0.12144923609149272
0.12175752220083058,-0.0010619222184289345,0.11173697022529394,0.06197291108202063,0.11560373410295,0.008065397684158149,0.12069377313442986,0.03729664841860014,0.040567776589521376,0.006367438321012386,0.13172053156619434,0.0501088434335305,0.015561814061323398,0.08941392142317794,0.0235011392512795,0.0205994923935775,-0.05133700395951979,0.02578701907560177,0.007744285420058228,0.018847566933228865,-0.05081135548906879,0.09087982668629868,0.01323317466776519,-0.032619498171721606,0.07216148781078213,0.041438483054709874,0.07325985210449681,-0.004417200623035189,0.07556085055294581,0.12398953272053836,0.015076761317547538,0.017845468654849372,-0.002855250890400729,0.018259290758043778,-0.018902956657411485,0.09014456747785915,0.026770954333740216,0.016015010903449922,0.05803153320542065,0.14098760178918446,0.013517389807047309,0.13710448849065415
0.1414648052487889,0.006509937299019053,0.14523227918006665,0.06267809164561855,0.16088052251501583,-0.0161058574899684,0.13248325780974657,0.028898694618500698,0.14040347487630944,-0.00010651226307301087,0.14610374625266498,0.11601166353424042,0.009204175939157677,0.059748897894669084,0.002436325573026643,0.01096864811119358,0.029887198020204564,0.023630745949624554,0.005361882437440957,0.01023885146655057,-0.0035074893902227178,0.1250693131674936,0.04092473721427248,-0.03229274708854901,0.07630012155430432,0.04251053023109974,0.06486595180075805,0.016041765358936422,0.10504698969010684,0.15288558282666587,0.0053491264395059135,0.025066260734749712,0.02398927520073335,0.020884700431623604,0.013803308489195643,0.1376683104004499,0.02715326559022546,0.012532660428664744,0.05502705377119288,0.12030899651748916,0.0014299736870850843,0.1429150841613046
0.11637421316529684,-0.06168870260698034,0.13642808257181316,0.0691107703165631,0.1337084399160542,-0.027603118104565727,0.11707613325917776,0.023583291427941022,0.14466842715349593,0.008370595556366434,0.06536066397883089,0.037638419439596005,0.024054309263919937,0.036420916955027804,0.017117781420555644,0.008883355999646292,0.013506772388896082,0.019188078481322757,0.01414440316441734,0.020320681636094795,-0.007256701693043821,0.08922048726203202,0.04450078888000719,0.012457135159451904,0.053370673443167704,0.014552154673517781,0.06890781311176641,0.013060596182840944,0.07385060038751479,0.11906885860109928,0.019912411329394586,0.03244785794418903,0.013669331462203282,0.019329292606374837,0.00860509132684939,0.1138645327692076,0.022133340631459775,0.017370942703451853,0.05378647612511889,0.15157598581839482,0.010871753464438139,0.16536634652063464
0.1090983530993117,-0.01499074760598429,0.13724268654485372,0.03082766851711216,0.12889559546421692,-0.01149110428820288,0.14795638943123846,0.025982265082733824,0.12949009660538913,0.019971639810755892,0.10763323883225218,0.09209525171333044,0.02184115218495697,0.0542831113073432,-0.055546317609358686,-0.06955241313565952,0.03235760792237785,-0.005118347390897338,-0.0029852896801214612,-0.004666317457884039,-0.0279134746815477,0.13251336466533536,0.06206861592159685,-0.0016777307103235106,0.07621068737608916,0.045521397034875344,0.048307465186030574,-0.0012782479711361816,0.043289114546435914,0.0513627083672481,0.0111128290983189,0.02703099534721931,-0.02829349447462537,0.016666173995121047,0.003980243739845735,0.1124607715718724,0.010692049707710316,0.018883471684910447,0.014517634744302121,0.08244859384832215,0.0037038130283603143,0.13375091726816268
0.13832480162138927,-0.03758245964371909,0.11033298871638275,0.0658181198346095,0.13514759055528458,0.011549676696499311,0.12609068455350092,0.015908445978713326,0.14296554639795156,0.00628521645931468,0.1419361209782838,0.14760761651275311,0.0031722670630295324,0.0707905969421535,-0.004865552074730495,-0.008499391414831026,-0.00758498264244456,0.04132884937707637,-0.007887087251913893,0.001940859957053176,0.010047278103492374,0.10925916026366322,0.04902987745776688,0.010372904689062379,0.07271492263060486,0.05358733659653425,0.08546310329491724,-0.006226943299173504,0.07335126254903757,0.0838674481811228,-0.004144368598661963,0.03495590886517841,-0.010779694586084076,0.0035433063069374438,0.003175966181244938,0.09986975464593906,0.024223704590481843,0.0008691032582962555,-0.019125653415244415,0.08913278111307121,0.0025419356318291397,0.12827014094158562
0.1357805367253897,0.01734539614398911,0.07522909234212194,0.05965494916363212,0.12906339924342902,-0.013714824143254534,0.12041029364716138,0.00659004964217369,0.1304863108556631,0.013480815300018323,0.10179574281368153,0.1170103526086137,0.017218459289240817,0.07310807190641178,-0.0014742702687915443,0.01899960591857175,-0.0048722120408677405,0.028451220666337873,0.004391736326384343,0.022923423057059744,0.008801911896403003,0.11826458505831705,0.06413617004257688,0.020131424013291488,0.02996080593366346,0.02310278212956507,0.07068863056615182,-0.007035815843971616,0.10340493502347259,0.13456221334052387,0.00885814302032173,0.0093076171289177,-0.05318977404831293,-0.0065729554163129755,-0.013358231171272772,0.1349981291228819,0.01834175382914216,0.0053049929912409866,0.036249399266907845,0.10218239333654466,0.009284328073196346,0.14069024349955006
0.10346364925776008,-0.0765021446266887,0.12995557502182986,0.07509607747891323,0.10938450497071717,-0.04442351326202432,0.09910306636463806,-0.00552223625494741,0.09882929823533282,0.013385692546281858,0.15088931100540226,0.13156435705686909,-0.0034253340288108447,0.019822893049799117,0.011708727581368983,0.011052472102787703,0.025666820143925184,0.016446199772762515,0.022196760151474537,0.021894217359333168,0.015610953339455391,0.1060892353726608,0.0385879464001645,0.006386964782360671,0.06667543075414306,0.031869277926831696,0.030596709445779968,0.006197159063192181,0.06788427871260183,0.14096336703842727,0.0168807398749109,0.021815868407650263,0.004649054736671432,0.016795288075715953,-0.0408034949378977,0.104171152090337,0.024455771123951586,0.0021726204881666877,0.007614040496517038,0.04491302292575139,0.010351402904056006,0.15719622166811464
0.1377522583712979,-0.026913771242724538,0.10611659345351743,0.0744464037534287,0.10175885289012643,-0.037816959858245625,0.12282668794868667,0.03344883151923672,0.10716375541370271,0.010347358663814643,0.12377580737293625,0.12722793242481145,0.005749595431127963,0.030190461062275187,0.0014722400265592128,0.02107967060490934,0.01918879751426672,0.020131190620124806,-0.008106839130420207,0.014464793817232646,-0.04554674804887493,0.1374028102274366,0.052649788411490706,-0.04346898385617193,0.06260799308871634,0.020931305433912306,0.043106262279884566,0.007985658037374055,0.018457506191183914,0.022340454866811132,0.0045576774065174686,0.010576635234887721,-0.02431843231895847,0.008677309570257141,0.011540396990953217,0.13804637436083467,0.03234437910341925,0.018266713574324966,0.01501373684574947,0.07791316609917265,-0.002513561987119939,0.12078601003645517
0.07456124495197036,0.00973796347855349,0.1211447530985521,0.06248739530367986,0.13181578899472035,0.003970127496408016,0.1506502832847043,0.027924406765344356,0.14127286969046027,0.015281957293991066,0.1402542540049434,0.13069191241294742,-0.06706577557054061,0.0714407038882725,0.005387282968879359,-0.0034620179357354175,0.02057514235209512,0.02270405863199132,-0.013400442568281434,0.004856423023312684,0.020131887124879455,0.13185247626163343,0.042720408053271375,-0.02814992858067944,0.06138297185843122,0.03947974602432791,0.055444129230312944,-0.014858446666247138,0.0972781405464167,0.1256296940688264,0.0210863293486675,0.023895785312100237,0.008594882294022277,0.01662830206318211,0.005353957201702841,0.1404213145708646,0.030482240260017557,-0.0063801360445425725,0.043940293758294224,0.13143125996646055,0.00829957264204273,0.05995494787543054
0.0984444025427198,-0.04087949287652637,0.10946719283345274,0.09044324500760625,0.11883737132419958,0.0028575474264347367,0.13770094212565298,0.04599220877082488,0.14195924081277955,-0.008269570045735586,0.13777080116557394,0.15364881107033757,0.0211265977752636,0.05467110047252377,-0.00010747167419511428,0.011706150988285091,0.009716882694002837,0.013674163403466166,0.01662412457504503,0.008003514518039268,-0.06746494138519377,0.1479173065877588,0.06270726980761232,0.0018138680962490605,0.06478933853793545,0.02214343970011534,0.10110863336829068,0.012921753653801327,0.07989342643478758,0.11260442965074147,0.011269409565296429,0.03328762134530838,-0.0007859433509860292,0.0186697125076436,0.00518190135850094,0.13752472179480102,0.01405291281620158,-0.021427950859999045,0.05429975957169619,0.11465906152159688,-0.010188150534690577,0.09917859095716242
0.14972656801793882,0.005256384850456652,0.0835764412160519,0.04381789546309589,0.12750893010929865,-0.029130479324254832,0.12586462660339748,-0.007086368379719543,0.1199953218050116,0.005438883142199202,0.14963169753303374,0.14736959316162623,0.01767826859179955,0.05080145579266904,0.022299589362954175,0.014549593912655201,0.0013254959761307417,0.0366263752282745,0.010073639906565957,0.004801716894512809,-0.011375962588286104,0.13461901749049476,0.05835910738312611,0.022042385067115533,0.07064609483760886,0.03516752553077096,0.057925621468864485,-0.006080388962301786,0.08718546649090542,0.15136338416601325,0.007584303349699062,0.04117364157450243,-0.0470772309893106,0.018292689633111703,-0.048317814239428936,0.1034896218214002,0.02421574679886096,0.009947079231041767,0.05574451302905814,0.14642939435776636,-0.0013594298323951204,0.0841109304780775
0.09234337132173032,0.01623581328003998,0.12399048790731027,0.0605735754825395,0.11523338255277416,-0.0071828645364944155,0.06117578121968936,0.036350851041473176,0.12094635701609902,0.00750340469467603,0.12099084179788255,0.10747651103254063,0.0025567301968197897,0.03995548176761832,-0.0032362826995817606,0.006093029909074343,0.01708175479615981,0.027057827257217393,0.025692295713879765,0.020637502235627103,-0.007798702750811515,0.12024663020322657,0.07255402144086887,0.000957442701700284,0.03882141359315183,0.026489319130761246,0.038967793288107955,0.005969910058437833,0.09169403510153673,0.12735334793241138,0.012327123884357194,-0.0019502217933460297,-0.03600389331346432,-0.0003965134738956877,-0.003608435344044869,0.1190109557277923,0.03092722783373225,0.012723726093482934,0.05098763386033145,0.10341532880290283,0.016891575177572116,0.10211883307335379
0.11531494395599207,0.002826449246342788,0.10451859066182578,0.04683459950425162,0.12755828161689398,0.01842440170972104,0.12450623625004598,0.040713180616766764,0.12892930797867164,0.009546427569538052,0.1419462501422981,0.12702492106383356,0.036912073385389155,0.05509090470391387,-0.036887630337898436,-0.03969016192002872,0.009227094131928681,0.03203443669585693,-0.08199435420804901,-0.007611252698242588,-0.0422183232270279,0.12989698208234246,0.060957377282321645,-0.0035879107300489377,0.08448898126572646,0.03525093412035962,0.07808388094105867,0.008128220019499088,0.08502293734387101,0.08955239489770173,-0.03554224041433662,0.036822763434367745,0.02083395759871398,0.011654097169663813,-6.18503104088397e-06,0.12414820296082452,0.05100865440174884,0.01518933481319118,0.027633237746793937,0.13286582778951916,0.00751520647313908,0.14263275082792148
0.15336303715571808,-0.004120656214933405,0.13149768087118596,0.08828323241958058,0.12543442789610015,0.010031701345198929,0.132142816005269,0.038029601484568576,-0.051704525695020154,0.006239818119360696,0.137679642885861,0.1352228297932424,-0.007416784892137596,0.029884875905172192,0.003211038979281655,0.011573123713178424,-0.002306640232188295,0.030448693865845478,-0.015393463981552724,0.012654189154818418,0.016101333675373364,0.1471771331676226,0.0427358856197837,0.016054633349304792,0.04894347193713022,0.025879479277809314,0.08498608116428141,0.0048528209813512024,0.07355300370372964,0.0905547611928158,-0.01099594958516037,0.020598248470657055,-0.04349277689563369,0.006607566005212506,-0.04625911016702089,0.14817566155750517,0.028721999800512044,0.014543084445357568,0.05676153270184092,0.14657933961861092,0.003056834085331195,0.11600896505382019
0.12784785212868266,0.009249472589628382,0.076039286445587,0.08224196036279097,0.13535826761349978,-0.009198161758355639,0.1326795766097969,0.040125755491356,0.13751458384472726,-0.003353696566355424,0.14740369578029988,0.14054691271380837,0.02333996204401989,0.07781143199865392,-0.03302191347687122,-0.020212014694842795,-0.014755413469078826,0.017420587599079385,-0.03926061017412241,0.009588036831237878,0.015862885456888853,0.11511056616078885,0.04809306040817374,0.01758154961518188,0.03702576013679926,0.038923128333872126,0.08540543249774879,-0.012498707869809778,0.07120273449814984,0.1169861167990387,0.014670327053744603,0.013066032620055013,-0.07836611822516515,-0.009872966156763363,0.031153403311669936,0.14037833031508296,0.026355146576622968,0.002435982542844606,0.0465479231992052,0.12072193260084985,0.011661551340803489,0.12457969164841132
0.14121267441253593,-0.02837386421958321,0.12571016086408993,0.06415867987107204,0.12788283652444055,-0.008093930705353358,0.13931275367359064,0.048133812917665164,0.14374117587825053,0.010994283673798955,0.1596842890278406,0.16099770485262066,-0.03476366910173034,0.0719486130480077,0.014629219749085487,0.010711490492266829,0.01861113274784354,0.020987448340264114,-0.008880809410379609,0.008331505852943066,-0.010217589478779043,0.15249737329016844,0.08980237421379067,-0.009688156437560602,0.06647007568421226,0.029904057901277037,0.06764478644531657,-0.005122669546626879,0.04906009758770025,0.06880845863392515,0.010839075377419682,0.021456033384335438,-0.01440092605717136,0.01716205356355993,-0.07499545080839365,0.09595541609281999,-0.010193744981884967,0.0036878953958977556,0.023445562331376735,0.07045437010440125,0.0144233409225355,0.1460247527755274
0.14476012602932475,-0.00618997824429135,0.12885456597762746,0.07555051070147756,0.12057436730530291,-0.03400522713416376,0.13893560249106018,0.05282184358656994,0.12212128245943132,0.005419259256172704,0.14289382199538714,0.13406229337028708,0.029828817190232337,0.04953096143058211,0.012100199856245664,0.01574009435013235,0.0263048463192026,0.02976715276538555,-0.007876122316173184,0.01829833501458944,0.004142690767784174,0.09396940564936185,0.06602284183792784,-0.000362694094544036,0.009224014376158829,0.000257483174378903,0.060178171752621856,-0.014980172094645194,0.08731672700476911,0.11197049437612205,0.015567739974924,0.024260801608118943,0.008508734168345189,0.0020367469296703744,-0.027642251900289905,0.13420586783937372,0.015256733052614768,-0.0035613645699421603,0.042994063559929185,0.050659872922258264,0.010046837991405044,0.1266118179577841
0.12450793015137473,0.018296778852253337,0.10794184850827204,0.036394995210028536,0.09598791896194503,0.00856026565090695,0.1434502026489689,0.04536068423994888,0.1265547638674981,-0.0015725368586874122,0.14465824784786552,0.13783896482950486,0.0029855861835955677,0.0865129678983595,0.01571039671616381,0.01315527085064061,0.028694282047914133,0.022554081489393085,-0.020628523813262856,-0.020063806385548943,-0.01352424998699453,0.13498733165270915,0.0695231601600459,0.024164777977579655,0.019317047115660624,0.016597938806120704,0.06464713123730381,0.008497773950495113,0.08834450665134075,0.1544784606486247,0.004964704367653061,0.03876991454443246,0.01020926676703282,0.018039563038411366,0.009529917667524646,0.1309497717421214,0.019475295752906185,0.01667576860228004,0.039383633225859804,0.09358089159119187,0.002311775103771896,0.13312285277121316
0.13526719910603802,-0.04225167663068241,0.1328090990530958,0.05484704138398455,0.11617452061908495,-0.00037302400935801394,0.09016779481337678,0.034964853382118743,0.13733374841654433,0.010241566528482737,0.13248108786560442,0.07482238645861605,0.00534857592161142,0.027806472485057854,-0.005594471224477315,-0.01608931731012686,0.005494001169653151,0.041480396631955574,-0.0025941309452692796,0.008548689883223992,0.013809320981341466,0.15212111175327303,0.040424644013738575,-0.08589475285034442,0.06147255787988948,0.03668817413050429,0.0725710688042227,0.011612617919260937,0.08741938064515897,0.1262229283494808,0.016202310645780815,0.0195670357249893,-0.014791229039868625,0.005244106540909899,-0.015385438734869084,0.1408643279294317,0.02837091505937306,0.023161142055032724,-0.018360936472267442,-0.001551733411595091,0.01929197388598969,0.08845980731847103
0.13394890518593205,-0.019031100869149498,0.08803309984211116,0.07763041194484144,0.14609068669435776,0.014742205153616461,0.10287877455029826,0.036137262568532225,0.12650572178652963,-0.003546809527907868,0.1496725168735764,0.16908291745230586,0.022337417403345494,0.0752977123182359,0.02433494661438651,0.02441443810026145,-0.01474836508647459,0.02298886831533531,0.01298704660300698,0.016388810570610035,-0.012540019726051899,0.1395718568352161,0.05520938903645656,0.013274483109887436,0.060274948367414205,0.02777289272083794,0.036958361354315294,-0.007824609813964711,0.07222153696561506,0.10296029519673588,0.020952177369286784,0.022942421483700293,-8.227129982696368e-05,-0.007643829491304377,-0.0070031178178247,0.09729514619050195,0.021383297813066027,-0.008573467079548536,0.04192735309199691,0.14768898495846794,0.002327855608469487,0.02448529550996792
0.1255537217619207,0.0015649165785659447,0.12883899564315582,0.0851316879680244,0.1189518164923733,-0.006305174456590956,0.11994130815672632,0.047825589223516096,0.11973745152026205,-0.009637396866458703,0.1322931162246216,0.1393326302709743,-0.005395721804557496,0.028775988698112376,0.01349024672261534,0.013348258096199883,0.02168243341615672,0.01900437052217563,0.0214520390995806,0.013084612124742323,-0.008967142414759044,0.05279238635068717,0.061345371076406474,0.009395488870879709,0.05483523954676428,0.03095555999184929,0.06399829705578552,0.009536649301064792,0.025898063390933368,0.07139134504399014,-0.03084665693304478,0.022938252314708474,-0.005955342580518774,0.018310935788388494,0.004640240571953891,0.14684946363832918,0.04270524170565926,0.0118405400291679,0.04445855014343547,0.15243923306122587,-0.005952252561527427,0.13981770199605648
0.13421048850647643,0.002808827490041743,0.11428147830483604,0.04208037218770022,0.03333117391265761,0.019313272934069925,0.11357736697592025,0.043925589648907803,0.13209348745227445,-0.05337564097968883,0.12945665103219806,0.13570158407900845,0.008646171620704024,0.06262256347544293,0.005124566080072057,0.013308290324325789,0.01911449119267783,0.02141722260507506,0.022821572766245635,0.01630611524489134,0.02047446968290234,0.06627866267333327,0.07595288525082,-0.04146203447088692,0.06978426440226226,0.025012902165495676,0.04362599554584479,0.019174937770605638,0.08393966796489438,0.13648232263400928,0.012793559789336717,0.03760582213710706,-0.01345647508056036,0.013316002756943668,0.002269338545318522,0.12439598041819522,0.031174984305224807,0.009142673183137662,0.03993036868483002,0.14163512562019087,-0.008446671283762308,0.13462076054209904
0.12153685319600482,-0.045190044978099975,0.11903508336394952,0.061396706422648606,0.15376455461703564,-0.04545892843187027,0.12168137088090714,0.037376701015910174,0.15507687526237057,0.0014135510614986524,0.15243873964627574,0.1292581370834931,0.01679074900880162,0.0388959168611438,0.02405434136921103,0.012701383368206254,0.0005651417842489348,-0.007328081171957157,0.01330921769729565,0.02054141788017705,0.00852535879555849,0.11655322518572919,0.05961296761419543,-0.038989443943254765,0.07241619767562024,0.029848069785504028,0.05340401986215659,0.009875562995304454,0.07818190258158852,0.12814773416520453,-0.004179753359013327,0.021146570414630528,0.012061174700933819,0.01578358558784476,-0.018093519239314126,0.12493271405471162,0.019802568860141867,-0.028306238659206562,0.0530066158220881,0.08140045757208103,0.01553859147243497,0.12761384224700956
0.12228239673518193,0.02388484379905942,0.13204774952816156,0.06090443046668359,0.14112776441299157,-0.01925919410487298,0.13165181458889075,0.02056390994741708,0.09483060803669341,0.003584791124157105,0.1289880431011734,0.08116593414683682,0.03026882432966238,0.04533508373951067,0.0065049870737188265,0.009153590688247282,0.01796067880955088,0.02716490913514291,-0.013975735351011931,0.005295036771732042,-0.0621863676555694,0.12375586474545319,0.048678009876446215,0.017956135164056475,0.05887311180922927,0.04294524380049014,0.05963851647888818,-0.00171861452091715,0.09840714842041764,0.0861227674676448,0.016569682687649356,0.012833265209613365,0.019840624206802437,0.02323212573144884,0.008443341377854408,0.12242990533886311,0.01838498386764076,-0.00488643126434285,0.042113543734877745,0.07836716995559412,-0.006141846475903989,0.09009652054919404
0.12919065631446314,-0.02363473797360638,0.12693431795798094,0.07234015621863821,0.12752285831865773,0.013877307993628962,0.14147427922814393,0.051300935805405845,0.1260667877323729,-0.000706508812652773,0.14886005216159115,0.17401956371126948,-0.013075473728721532,0.0334195760710011,-0.045089254022604,-0.011499837815734937,-0.009918367599659472,0.04095736655274862,0.004654262927369701,0.0017310407716609744,0.019063766456027587,0.13819356033157404,0.08554502690359944,0.011728108221517153,0.05794202998043385,0.03960808224868029,0.06016930314935087,0.0014580572036739792,0.05360694623657314,0.07020092732100347,0.010918708707161828,0.03526595985014991,0.02489959133499875,0.021843089205302424,-0.05690541598065457,0.08364234401144655,0.0303968297653483,0.013290653877451986,0.02602979154454188,0.031718434950183116,-0.0006103831092403311,0.14167835077560242
0.14048968024260533,-0.1273335183691664,0.1047114307639121,0.050355644445087555,0.07388636952210281,0.0014723896122342817,0.13118222857467687,0.02782628217034433,0.12979860636598806,-0.0055339653036892145,0.1499437139348665,0.14358804808650383,-0.06262032283130159,0.0640994779329358,0.02531526422067565,0.021903894162564885,-0.004979459249966567,0.000691004345788504,-0.00864437665178941,0.017359557813903748,0.01195203059662786,0.12346762224070629,0.0739452586915561,0.02101644463494401,0.008811076927496941,-0.011188692798177025,0.05413713848959334,-2.3150464281807004e-05,0.040307673231528174,0.06826532572395405,-0.01738876165684955,0.031020300399711154,0.006828630951657866,0.01734300701954794,-0.002743744834150519,0.12792757974813773,0.040336212234394986,0.007258255250239487,0.045571416953094857,0.13237036541700498,0.010431190835257231,0.03179964986236172
0.11729788840252131,0.00409577858902388,0.11808213699192371,0.07848097496137763,0.10062459015297887,0.0011024742728193981,0.07831140208101595,0.019533522441047668,0.12023343749448379,-0.007355801753479163,0.14227547578537514,0.10444720532041474,0.001232996728984026,0.07172690404779047,0.013152883614822808,0.017380115188603273,-0.023409258645304076,0.026450126987621947,0.0007621533005898184,-0.0006110937673367012,0.011877748441928127,0.07749899514517156,0.06810341034903711,0.004849918605525083,-0.0071023420581246555,0.006100698209494326,0.02797388103737941,0.019581024965348304,0.08155060652914492,0.10182006932094412,0.009605105443167838,0.019082699973469897,-0.0030153554178682374,0.01966455920357646,0.0055233591484303846,0.1289026107173168,0.029740769954711865,-0.0012056943279801224,0.045307508192472645,0.11815138940928938,-0.0009606242040396396,0.13812361580194943
0.13932557921098265,-0.008149709042625242,0.14127738330315787,0.06969131813335039,0.0899104204390101,0.007117377888981147,0.11309811218261434,0.040742758751082464,0.10250697069502235,0.007907676653184481,0.16521026902308467,0.1437914714589189,0.0039547117038725155,0.0627517000769171,0.005892190025712285,0.01683981103420773,0.017355374503500665,0.03286585935440256,-0.030135120068422117,-0.011499532006359114,0.005498367259537784,0.12899624562148249,0.05792053142108444,-0.0011030394085922435,0.06858247179084997,0.0351282986069843,0.0833703410926232,-0.0021960595052212817,0.08365116384826377,0.12665006059209238,0.013241434255633289,0.02771995833056773,-0.00796358076576742,0.009298002772199276,-0.00028454700378977016,0.11180753288939782,0.03654598481891802,0.0032287502472831964,0.00666261370581922,0.07175424320147306,0.012839455265568733,0.09479755472939799
0.12848066216687637,-0.004607775661611635,0.0861304308316756,0.06523488117295362,0.1434591633985831,-0.05612715544562619,0.13172172460201736,0.03563233382897324,0.14301671584627562,0.017545750824691342,0.14666479583203285,0.17212019646036059,0.003253719090587026,0.06582085756372102,0.008624466864104452,0.015173174928807653,0.0029517661396508688,0.02227910022570223,-0.04942123967110712,0.005975826556791408,-0.023623003061523873,0.12628527975899595,0.051988894766533233,-0.005415738716709084,0.024132195333750772,0.020440334140954808,0.07978985241626468,0.005279522491223987,0.07384140818299667,0.1258274278668433,-0.0003925301489970945,0.031084641389314216,-0.008030726190479731,0.012607388121995577,-0.0018354707899568279,0.090655364182334,0.028094316948797826,0.013736655510420137,0.04644425935153251,0.12039801253945548,0.011750408191758988,0.1310815674827568
0.1376117793247631,0.0030246780386449235,0.07330758766985002,0.0741022816174004,0.1196272708480639,-0.025915497976833013,0.11222731590353308,0.030542551438315746,0.152688954790842,0.006244557851357246,0.14717174117120557,0.1322969008249817,0.02111152788233228,0.03491817413540754,0.02025622032348562,0.018561057796732672,-0.035062801231962926,0.030259145325389203,-0.004032522784913395,0.012163453980003402,0.030682503205502476,0.1252507871364349,-0.01050982756677854,0.012706671128890346,0.056203418334770716,0.008715668574696744,0.034943968083831045,0.00885772006593688,0.08035497392303448,0.1166081574804606,-0.006574969821609544,0.034548228328423525,-0.018582168782977693,0.016326753718279297,-0.05545847164257123,0.15959809388278645,0.03173541627599008,0.019272052528029104,0.04712782681752681,0.15281432526385696,0.015707080946516072,0.10237472965667216
0.13037727308404712,-0.004629751742215804,0.12010239195541772,0.08576413501457925,0.11016846367417166,0.0021670915143283676,0.1371196735916027,0.04058308558546753,0.1408603483314711,-0.0062755917639745196,0.14473099823677793,0.16186004051604952,0.02313863421343254,0.06290112011882765,-0.010186671755487042,0.005781657446505939,0.024196218989651075,0.019614964640168875,0.005458830191067299,0.005607016943809828,-0.0668912667738979,0.09545089944614604,0.05929894450503692,0.005315588627816892,0.03542195277378102,0.04003707135603307,0.0626182006127195,-0.01573983003042212,0.08202757674658079,0.09880726936267592,0.02143916897823306,0.0075558916261477815,0.021982657479629797,0.022387762265718147,0.008864524287436226,0.12683099935206188,0.0395683663396873,0.00897589479499672,0.04296296634383823,0.129739062459597,0.003007972892748234,0.12619245734284024
0.0775047573179426,0.008010140606766747,0.11455747360230262,0.061312858400925374,0.11929080708880246,-0.03493766195774417,0.11344120436840788,0.020648837537620146,0.11976904377561925,0.013218991008115633,0.1393047029775698,0.135430318371766,0.015969319470019117,0.06169986651368631,-0.055312423296542956,-0.035476728570599025,0.020924325999633786,0.012371813181032087,0.0026717904303641404,0.013800438582989738,-0.019904936371514914,0.1313607232988886,0.0580820159365707,0.017439829343498747,0.047708795105081525,0.03183222676723363,0.07333960378064497,0.0012310308590962604,0.09668371988801594,0.16581467499715752,0.020893078305030066,0.02274042566970813,-0.0033810176639674783,0.009487440509119871,-0.013500342694639844,0.08048635564988849,0.035809905975772494,0.021502076687942573,0.03397819241106881,0.09749344664937898,0.010364624436017489,0.11393058600006278
0.1219756429332004,-0.04807401016727919,0.10253170283524438,0.08171598926856316,0.11459184293481994,-0.02478997597075505,0.12829152261416332,0.025590477999107852,0.1337009917453421,-0.0034846373512751327,0.13551187071023774,0.1288529804887174,-0.005054006890185425,0.08074463888834182,0.021778771497207416,0.021065898465368882,0.017176458779929238,0.022468725049193616,0.02284295888147503,0.016354639713271557,0.02556361513255534,0.10185360361337381,0.03519766462503304,0.011928861445748562,0.019549588065926438,0.009423617152197417,0.06359436083539949,-0.0037049201459515846,0.08127961931048455,0.12952518925471168,0.011931962768221616,0.02345323789684306,0.011376635687031622,0.014644593219613977,0.023424944973216566,0.12361942438895335,0.02493545017342924,0.011911404526771974,0.04841006581262064,0.11476825293898196,-0.0034591265250500935,0.14657003669650615
0.03383538594064617,0.0023158865981451893,0.14884138880563436,0.05103374656799553,0.08044702826435934,-0.042555815790058515,0.12764656760993542,0.021066483466855912,0.16108442983040838,0.009222574217800483,0.14178159637541976,0.11073691379568529,0.001418106679132225,0.05048118288908332,0.009577915378140789,-0.0035152176087853704,0.01032959317055826,0.015566981391620938,-0.02434812251925833,-0.0008334011017567811,0.03217212676530801,0.13808229842020292,0.057306568174601225,0.017526824429220045,-0.04049154386629694,-0.07489973446154363,0.07050740558756319,-0.012674492017854977,0.08649692911830242,0.12854672570812276,0.011679571275890588,0.0031645262823509768,0.00032738471379067935,0.01297414299381705,-0.02265138303404246,0.10143586829977524,0.02549229597102709,0.018124291303076245,0.039264076451018814,0.11211479861508322,-0.001960020031639642,0.09860635540004703
0.11284387667264595,-0.009873421513631575,0.10918985769460143,0.08031671425772213,0.10216223076181552,0.021128910272171675,0.13222989558781428,0.02970472066964902,0.13608546243918584,0.005028397579951771,0.1558372982978572,0.1635996913733454,-0.013337285193452786,0.07115665393153547,0.018468051624754622,0.014884167293705897,-0.008523939381232193,0.024099044233392597,0.004783982034753387,0.0053670542840751345,-0.04770897615154235,0.11085532359565897,0.041462745545468915,-0.006929492606434717,0.04668508736072985,0.03348632269620133,0.06940726784869067,0.002249782969010572,0.07682526539607326,0.12223679626912176,-0.004933451425851665,0.039556976465359606,-0.01171681737867436,0.014979823487392352,-0.0014526738742823841,0.09577525977784385,0.03404098050810456,0.011985512349452554,0.051350044314566246,0.1467757502119571,0.014994306439162552,0.15126185548816706
0.13096487142664437,0.005383222469929505,0.09415719588115679,0.05598326035700596,0.07579092094369044,0.031497686469060815,0.1069771674091099,0.044108641076585076,0.09893148595590373,0.015390599308837016,0.17377229502379643,0.14272877402484174,0.01178937686743975,0.049273647019062894,0.03390254890684741,0.028937125588739843,0.022992534558747835,0.0367216007531429,0.00023137532062711408,0.007302751848025646,0.007096355470785132,0.1396174870642456,0.061381769676660536,-0.021741180751840172,0.08144627642215496,0.04415944133730787,0.07511797734096537,-0.015177901775138558,0.06492435931220641,0.03313442194137228,0.00813466434161414,0.03510383700874886,-0.008987977403491998,0.003229059505288512,-0.004852289173542523,0.12043854612223714,0.023716363656923645,-0.0034297371706748514,0.052409329260087456,0.10472030489777162,0.010618939041220021,0.12269144662586118
0.12966895432061798,-0.01330303187074322,0.12782600088760743,0.07074494481027827,0.11514237175103259,0.01975588233979142,0.132675633337216,0.04641842909589178,0.10518506665977623,-0.01421686091094565,0.13748822219708912,0.14903119314391866,0.010371087447729965,0.0623242706545345,0.009909508950965207,0.011616765607328938,0.010331132280585797,0.03473403389205909,0.004458360855526533,0.0180931029603999,0.008956511396444267,0.12004486002509163,0.040510059596465586,0.01691750576427198,0.061657558540836654,0.03338884722290669,0.054228921207378544,0.007236033050926349,0.06614396675981182,0.0884510582664394,0.02187651788633249,0.009720769723340239,0.015335062103862263,0.021071744168637663,-0.013557521678092321,0.12035066822884732,0.03280018084320546,0.013401129846719817,0.05853019351948363,0.1340514538655937,0.00469928445911727,0.12164027642529474
0.12004873066680855,-0.008465035117311004,0.11303489966774993,0.0674383742973158,0.09080667313039448,-0.004022731961549564,0.12801567815649129,0.04235624174059183,0.12697424361214182,0.00889226909196994,0.12498220210596167,0.056518634784410104,-0.0038081271281600326,0.05553813441546296,0.024585799963810162,0.019356799572019523,0.009282635547236184,0.020292741791204882,0.01135411581411816,0.015475435511611457,0.00585366794295461,0.1236583134923891,0.07346125457637742,0.009778657267641155,0.07288790140837986,0.03534951463194702,0.08054602624302243,-0.004425314086472065,0.05767125092697989,0.08189023215018298,0.009892578592836099,0.02528871073813621,-0.025105799260373596,0.01244754847838736,-0.03728239527153243,0.08924473877430428,0.03080050124141942,-0.0024971539493916506,0.043470541368247795,0.1253484233089791,-0.009679377724469251,0.14841905414333012
0.13135608089041106,0.0113172420036457,0.11499757373380814,0.04662795177563561,0.06937718631942458,0.010163508384577802,0.1495452487337916,0.031156879984810093,0.12257019061045749,-0.0028839464732468567,0.10654849449926196,0.1204129431474481,-0.027711254606299196,0.02987423265813416,-0.005177462875257444,-0.0014461855870768758,0.007108159756892829,0.0334606599895968,0.012974499252465299,0.020122776228214345,-0.013098832203900512,0.13713860744448048,0.04562382793186748,-0.00418349862007128,0.07285023116502343,0.048680931051723886,-0.013359465287218875,0.013161608622497267,0.04505475193896813,0.013409088378767198,0.021843923130804632,0.036621534370924524,0.009302383558967287,0.025206348224007025,-0.009004185558794786,0.13300044133471767,0.023322424817018073,0.013067200406560064,0.028661814458824764,0.11545713761291188,-0.013699706409653123,0.1418955879028675
0.1047188179637466,0.01737905731078737,0.09252750851358749,0.06233380613102191,0.12410670886755526,-0.008354852567749704,0.11721084871598919,-0.004296424228368956,0.1299949013840075,0.01467549621942943,0.15562878744173936,0.12801846548951334,0.029752527892900837,0.04518023710531738,0.004703263338268315,0.00932325826342062,-0.02794228452852554,0.03288938256061158,0.010013276147671335,0.020204851409544533,-0.04084117067390336,0.13944743164568107,0.06076641671983307,0.01434650742178134,0.017841187795980318,0.01671371218182982,0.08927666326174921,-0.013649112019122,0.06632279584098222,0.08209140083720612,0.019193324768489894,0.016821293852940955,-0.005038805182909556,0.012029170730208705,-0.021156420989097535,0.13518679470222617,0.02778240258950926,0.008653672214012476,0.048612896476219025,0.12541275150692666,0.020784055554096237,0.09202865597613652
0.10785968639606391,-0.007396839113995801,0.11864287774584192,-0.016877535792943377,0.13022435888553152,-0.011753984768271497,0.05198840793267745,0.044024286441052385,0.11182085072754833,0.016339767009762696,0.13026205372353705,0.08413575795870643,-0.06622422503959324,0.06073640868578478,0.016874342767073558,-0.004688912136921131,0.02259828374265571,0.0186350642764902,-0.006363200352473841,0.011486946685546284,-0.01140444909271654,0.048531477014850166,0.032666472868829066,0.030461986201556268,0.07428396569132734,0.05082541727365497,0.06137523336645945,-0.002389240423708472,0.07148355594626499,0.11196744866227692,0.015508830933126383,0.014468685465010567,0.010827913820432244,0.017355777067979083,0.023441245611438455,0.14209738684684314,0.012881602733193942,0.01669844940947751,0.034306297547865405,0.11826142365081527,0.013160144893977321,0.13053326710059476
0.14157703904706864,0.019680338460877245,0.12348070748441675,0.071460829608609,0.10867575339983904,0.010256057234573346,0.11842438382239795,0.013236389554951877,0.09140492574549686,-0.0008964950813297179,0.13663644204810688,0.13046455770283272,-0.001991312692090963,0.05054690259644801,0.010231782969864489,0.0029482621110615836,0.006669897086380772,0.036540602547441736,-0.061341388365235616,0.0027324120477536518,-0.01531433467194021,0.0524839626737168,0.05938238555495723,0.0008780278118480922,0.026614154179257388,0.0011292817842463165,0.0629707827873548,0.0057323920015401875,0.08788743794524123,0.1026897588666611,0.007079616102024899,0.02060054382288501,0.016317080769050363,0.018024481205394127,-0.0044392710752807485,0.10776234095410986,0.015610925240231666,0.004651085837639846,0.04618150342388172,0.09837847421244483,0.011077792656274621,0.08867829725676313
0.1210904801938093,-0.02423614488682757,0.09419790774108261,0.04201589259636962,0.1239427721423022,-0.007830935518024607,0.10170522016052863,0.02886266308277563,0.08497312033404814,0.016776660859533,0.1196776646101454,0.12302022208164987,0.03137776190865493,0.04779370849295794,-0.022092954218093652,-0.023516677062459967,0.017172774133331625,0.010531242013222863,-0.06540263947281377,-0.014294396144747257,-0.06333339530663973,0.1405709772108733,0.05658685091711191,0.01643890566022088,0.07348716103752173,0.03593695260765195,0.05759704760455653,0.011414617273551086,0.08002299887701403,0.12735385672417598,0.013138010879061746,0.02844883412345045,-0.011798848104578097,-0.004961884256855953,0.0006761571130774469,0.11365022745921705,0.011286351402807537,0.008407580045369123,0.0477375086693953,0.10335759893968588,0.005256178541015233,0.1458480702548387
0.1198234588777558,-0.025928173049404535,0.11565617067706568,0.07913315382835506,0.1609808493580952,-0.008012912377454384,0.11227865688000471,0.031910816853958135,0.1257080207061665,-0.011319083521818651,0.1657387449820824,0.15089792216065523,0.01858809819835383,0.048696545523372214,0.014949412899884051,0.0020717317704820326,-0.038921677530844745,0.021315184402590392,-0.02223023264771351,0.007679918541524167,0.009358123976358712,0.14245790349896925,0.06784504799846647,0.012198817336312895,0.06375485734598663,0.03813226463270325,0.04322092104115838,0.008422639093767614,0.07632794282201194,0.11729230035188454,0.02353048887815501,0.023029285112566855,-0.023492221815871073,0.0068974294875681075,0.006664713940859546,0.1504250288560044,0.027862511315090766,0.013261943780575214,0.020906313819940903,0.11413042064788481,0.011488580920888558,0.14189016211017325
0.15473353600519135,-0.01497759155570888,0.08266408568414141,0.01675035706896999,0.15271604643301728,0.01664560066645482,0.13888535509640443,0.03321646552789692,0.1038256904966397,0.009833553353432722,0.11723465346511397,0.08973633765864897,-0.03132312967327433,0.06572233371581748,-0.05362374197277364,-0.021325344064638374,0.018262669100794326,0.029340879879094617,0.0387509985253216,0.007811934883935945,0.01891334414778234,0.12398028594453203,0.06523314241487266,0.007427791187750388,0.08433171138536211,0.040756215351085645,0.07339831784584272,0.0033379091267231598,0.04116381118782897,0.06801112027534262,0.02190973451005651,0.021687326478224356,-0.03996578346749402,0.010855172008142788,0.011964164953723655,0.14224677204046487,0.032762837065021144,0.00016553918433459547,0.04495520275815168,0.1382999139792036,-0.011878378134495993,0.1294038085728424
0.13878467889319834,-0.003696349108857966,0.05605795723279383,0.07739940232660936,0.12382543265400447,-0.005247418731359144,0.13140276598153577,0.043196041020300946,0.13473908489664632,0.006043723497241027,0.14928505088750066,0.15005322724091152,0.003429651046501059,0.05634189292768266,0.016369833795069955,0.017385229529101487,0.019954380821516016,0.003543328254570821,-0.011339315818252649,0.006435953385152349,-0.0032532242648073417,0.061083124358439544,0.059917781055392916,0.02768581548317317,0.06517328510120157,0.033806404780922006,0.06013968713038864,0.016900472331690786,0.08566608525239794,0.10781765772045582,0.02040749280518106,0.02113167490954171,0.013885228143844741,-0.010191911473257376,0.01667950084909131,0.12395127932664018,0.015428881998705624,0.008634231820118021,0.05784303107166433,0.13723807793611642,0.013189205011097993,0.1324816765644753
0.09870263240506827,0.010171017313873154,0.08607814614462028,0.06923634241935361,0.08282835421769585,0.01580920239737449,0.1052016454094511,0.03600320022805903,0.12781422015984534,-0.011018636981154462,0.1557960579223392,0.17282927488889144,0.01406898844430482,0.06161959382400861,-0.02222409457730934,-0.0036091052276796542,0.009891384544053805,0.020647294469559485,0.023429559880615458,0.019427919651242465,0.02948545552628201,0.11066725681672529,0.04904964394980782,-0.013739351550769108,0.030960693448747967,0.008258349545918864,0.027295631812394916,-0.01665794473830151,0.11689648345694748,0.13863054976123323,-0.009379307719340257,0.029819983386086046,0.008065689520075137,0.01759245559909417,0.01667663791095486,0.12933003058569092,0.040367161776021954,0.015270154237731703,0.021649059662429804,0.07673412117782197,0.007412156585337226,0.1382204943618539
0.10080068392757724,-0.046588754703754676,0.13569565596741617,0.0704460157096436,0.04350499828187637,-0.010484587547317403,0.11560116644421603,0.0442260741522863,0.1299319317424359,0.01452097527777485,0.13974494688846417,0.12808842268336174,0.0005043418860062321,0.059805375178425324,-0.01872818298977008,-0.02808860020635895,0.0013491119177513333,0.003311320931749462,-0.07332149068957605,0.005848631943723537,-0.005715368709646507,0.15278251503679197,0.07213536596886594,0.0067250560197577025,0.04595085014827005,0.022105291473969113,0.014149080537219305,-0.03628595688765346,0.0680998580965233,0.05360509174174277,-0.014937368524354344,0.025085589151761956,0.02138852099735422,0.022606358456082165,0.010541999507213018,0.11040451722391376,0.030849832060493187,0.016258106980372666,0.03352526374942966,0.12303806269453821,0.002769775410079389,0.10295863042909237
0.11160530791115975,0.028177924495573103,0.12565534885433494,0.05929422552417429,0.12800012370438407,0.011250358485972556,0.08613512156798997,0.027960558429122262,0.11524453032663828,-0.003635377310551302,0.14000845980514665,0.12215496891686073,0.008871362394995197,0.06807750167183557,0.02120501102725214,0.03025493003532498,-0.004620735884619087,-0.022423035934668656,-0.035791670617032256,-0.010644888179673906,0.015996459904683125,0.13190719302995513,0.015362851042496573,0.016151450270747603,0.04059069331260168,0.022744901447903643,0.09014188084462549,0.00497801924028507,0.057249258813117265,0.09583827773654718,0.012735022239731109,0.025518621871196356,0.016128777656204463,0.005270642017658811,-0.011523290334984893,0.08056756487212402,0.012477717685574152,-0.010657158996485228,0.013091419551430894,0.10751094025363184,0.0009057142440578314,0.06697989431202711
